Semi-automated offside technology to be used at FIFA World Cup ...,By combining the limb- and ball-tracking data and applying artificial intelligence  the new technology provides an automated offside,https://www.fifa.com/technical/media-releases/semi-automated-offside-technology-to-be-used-at-fifa-world-cup-2022-tm,FIFA 
AI-powered technology will be used to speed up VAR offside calls at World Cup,New AI-powered technology will be used at the Qatar World Cup  Fifa has confirmed  claiming it will halve the time taken to make VAR,https://www.theguardian.com/football/2022/jul/01/fifa-ai-powered-technology-var-offside-world-cup,The Guardian 
World Cup: Will semi-automated offside be the big VAR fix many hoped for?,FIFA has spent the past three years testing its new Artificial Intelligence (AI)-based Semi-Automated Offside Technology,https://www.espn.co.uk/football/fifa-world-cup/story/4692793/world-cup-will-semi-automated-offside-be-the-big-var-fix-many-hoped-for,ESPN 
SAOT ain’t slow: how does the World Cup’s AI-assisted offside system work?,A SAOT decision at the World Cup will be made using data sent from a sensor inside the ball  the Adidas Al Rihla  transmitting its,https://www.theguardian.com/football/2022/nov/19/saot-world-cup-ai-assisted-offside-system-var-qatar,The Guardian 
How does VAR work at the World Cup? What is semi-automated ...,FIFA have approved the use of 'limb-tracking offside technology' at the World Cup which it is hoped will speed up the process of making offside decisions,https://www.eurosport.com/football/world-cup/2022/is-var-at-the-2022-qatar-world-cup-what-is-semi-automated-offside-and-how-does-it-work_sto9200956/story.shtml,Eurosport 
Technology Innovations at the 2022 FIFA World Cup Qatar,Using artificial intelligence  the limb- and ball-tracking data provides an automated offside alert to the video match officials whenever,https://www.tomorrowsworldtoday.com/2022/11/21/technology-innovations-at-the-2022-fifa-world-cup-qatar/,Tomorrow's World Today 
Bleacher Report's 2022 World Cup Best XI,The play was breathtaking  in full high definition and with all the computer-generated VAR offside decision graphics your eyes can,https://bleacherreport.com/articles/10059163-bleacher-reports-2022-world-cup-best-xi,Bleacher Report 
World Cup LIVE: Lionel Messi and Argentina start their victory parade in front of thousands of fans,The PSG forward ended his career-long wait to lift football's most prestigious trophy after Sunday's final saw Argentina emerge,https://www.dailymail.co.uk/sport/live/article-11546419/Argentina-vs-France-World-Cup-2022-final-Live-Result.html,Daily Mail 
What Technology is Being Used in Qatar’s FIFA World Cup 2022,With Qatar's FIFA World Cup 2022 almost coming to an end this weekend  ... make accurate decisions about penalties like who is,https://www.dignited.com/104857/what-technology-is-being-used-in-qatars-fifa-world-cup-2022/,Dignited 
Oxford United 0-3 Arsenal: FA Cup third round – as it happened,Fifa could do with taking a moment away from whichever large money pile ... and as far as I know AI is barely okay at making offside,https://www.theguardian.com/football/live/2023/jan/09/oxford-united-v-arsenal-fa-cup-third-round-live-score-updates,The Guardian 
FIFA WC 2022 ball and Pakistan’s (dis)connect to global economy,FIFA 2022 World Cup was arguably the best-ever tournament in history with ... the match officials make quick and accurate offside,https://www.globalvillagespace.com/fifa-wc-2022-ball-and-pakistans-disconnect-to-global-economy/,Global Village Space 
Offside! Qatar World Cup 2022 set to implement automated system,The 2022 FIFA World Cup in Qatar is expected to adopt semi-automated offside systems  using artificial intelligence (AI),https://www.verdict.co.uk/fifa-world-cup-qatar-automated-offside/,Verdict 
Here's How Tech Is Shaping the 2022 FIFA World Cup,From motion tracking balls and AI assisted offside detectors  to highly surveilled stadiums  Qatar's first Wold Cup is filled with new,https://gizmodo.com/fifa-tech-soccer-qatar-1849818515,Gizmodo 
FIFA World Cup 2022: `Al Hilm` official match ball to be used for Argentina vs France FINAL  know all about...,The existing ball  introduced with technology to assist in tracking and helping referee decisions  has been used so far across the group,https://zeenews.india.com/football/fifa-world-cup-2022-al-hilm-official-match-ball-to-be-used-for-argentina-vs-france-final-know-all-about-technology-here-2548920.html,Zee News 
For Its First ‘Wired World Cup’  FIFA Harnesses AI  Multiple Tracking Cameras  To Ensure Error-free Refereeing,... semi-automated technology to make accurate offside decisions  is being deployed at the FIFA World Cup in Qatar. An AI-driven app,https://swarajyamag.com/tech/for-its-first-wired-world-cup-fifa-harnesses-ai-multiple-tracking-cameras-to-ensure-error-free-refereeing,Swarajya 
World Cup verdicts: Our best players  goals and moments from Qatar,Stuart James  senior writer: Antoine Griezmann was a strong contender but  realistically  the final made it a two-way fight. Messi,https://theathletic.com/4001832/2022/12/19/world-cup-verdicts-goal-player-moment/,The Athletic 
Did you know that the FIFA World Cup ball has a chip inside it? Here’s how it works,The ongoing FIFA World Cup 2022 uses AI technology to ensure accurate  error free decision  which disappointed fans  but apparently has,https://www.indiatoday.in/cryptocurrency/story/did-you-know-that-the-fifa-world-cup-ball-has-a-chip-inside-it-heres-how-it-works-2305971-2022-12-06,India Today 
Why Japan’s second goal against Spain was allowed to stand,The introduction of VAR at the World Cup in 2018 did nothing to dampen debate around crucial decisions  and this year's tournament in,https://www.theguardian.com/football/2022/dec/02/why-japan-second-var-goal-against-spain-was-allowed-to-stand-world-cup-ball-line,The Guardian 
Artificial Intelligence Is Changing Soccer And Could Decide The ...,Refereeing decisions at the World Cup have been debated decades later. ... of limb-tracking offside technology  which uses AI along with,https://www.forbes.com/sites/steveprice/2022/04/11/artificial-intelligence-is-changing-soccer-and-could-decide-the-2022-world-cup/,Forbes 
Fans left baffled as reason why Ecuador goal ruled out against Qatar finally emerges,It would have been the fastest opening goal in World Cup history at 160 seconds  but it was ... Were you confused by the offside,https://www.mirror.co.uk/sport/football/news/qatar-ecuador-goal-disallowed-offside-28539911,The Mirror 
Offsides rules at 2022 World Cup: Explaining how VAR technology impacts referee calls,Per FIFA  “by combining the limb- and ball-tracking data and applying artificial intelligence  the new technology provides an,https://soccer.nbcsports.com/2022/12/18/2022-world-cup-offsides-rules-explained/,Premier League News  Video  Scores | NBC Sports' ProSoccerTalk 
Tech and the World Cup: The Use of AI in Football,Now that football fans all around the world shift their focus to the biggest sports event in the world – The FIFA World Cup  we take a,https://therecursive.com/tech-and-the-world-cup-7-ways-ai-has-transformed-football/,The Recursive 
Explained: FIFA reveals how adidas match ball technology showed Ronaldo didn't score goal against Uruguay,THE BIGGER PICTURE: FIFA's latest World Cup ball allows real-time data to be fed to match officials  helping with offside decisions and,https://www.goal.com/en-gb/news/explained-fifa-reveals-adidas-ball-technology-ronaldo-goal-uruguay/bltaa580b4ddffb0597,Goal.com 
Artificial Intelligence In Football - Current Uses & Contracting Tips ...,From assisting referee decisions  to improving physical ... Offside Technology (SAOT) at the 2022 FIFA World Cup in Qatar as well as for,https://www.lawinsport.com/topics/item/artificial-intelligence-in-football-current-uses-contracting-tips-for-clubs,LawInSport 
Argentina vs Saudi Arabia 1-2 – World Cup 2022 – as it happened,Mexico vs Poland  Group C  FIFA World Cup 2022  November 22  ... Argentina will rue those several disallowed offside goals in the first,https://www.aljazeera.com/sports/liveblog/2022/11/22/live-argentina-vs-saudi-arabia-world-cup-2022,Al Jazeera 
Semi-automated VAR offside is here  and FIFA thinks it's going to be transformative,And its first full public outing came at the FIFA Club World Cup. ... The AI-based technology uses automated ball detection and,https://www.espn.com/soccer/blog-fifa/story/4355005/semi-automated-offside-why-arsene-wenger-thinks-it-can-fix-var,ESPN 
The World Cup  Netflix  and the Sanitized Future of Sports,Watching the FIFA World Cup  you start to feel a mounting sense of ... the pasteurization process: decisions mediated by the lottery,https://www.wired.co.uk/article/world-cup-sports-documentaries-netflix,Wired UK 
FIFA Trials AI-Powered Automated VAR Calls Ahead Of 2022 World Cup,Close offsides are one of the decisions that can be referred to VAR  ... technology at the 2022 FIFA World Cup which will also be in,https://www.forbes.com/sites/stevemccaskill/2020/11/26/fifa-trials-ai-powered-automated-var-calls-ahead-of-2022-world-cup/,Forbes 
World Cup 2022: Infantino turns on Qatar critics  plus latest news – as it happened,Gianni Infantino the FIFA president during a press conference on the eve of the 2022 FIFA. 01:55. Fifa president Gianni Infantino,https://www.theguardian.com/football/live/2022/nov/19/world-cup-2022-qatar-infantino-news-live-updates,The Guardian 
Cape Verde Names National Stadium After Pele,By Adedapo Adesanya. Cape Verde has become the first country in the world to officially name a stadium after the later Brazilian,https://businesspost.ng/sports/cape-verde-names-national-stadium-after-pele/,Business Post Nigeria 
FIFA mulls semi-automated offside system to 'boost' VAR at World Cup,Though the right decision was made  this situation shows how VAR and the referees sometimes analyse plays to the limits and fail to,https://dohanews.co/fifa-mulls-semi-automated-offside-system-to-boost-var-at-world-cup/,Doha News | Qatar 
FIFA World Cup in Qatar: It's 'the hand of God' vs the hand of ...,Semi-automated offside technology makes fair play a norm. FIFA /Adidas. "A little with,https://interestingengineering.com/innovation/fifa-world-cup-qatar-technology,Interesting Engineering 
Some of the IP grandstanding at the 2022 soccer World Cup,The soccer World Cup is the largest and arguably most prestigious sporting ... Offside Technology  which assists in offside,https://www.lexology.com/library/detail.aspx%3Fg%3D25a725a5-8c07-4cca-ab63-fe899287eb14,Lexology 
Who is Wilton Sampaio  the card-happy referee in charge of England v France,His work impressed FIFA. Has he refereed at a World Cup competition? The competition in Russia was his first appearance at a World Cup ,https://www.walesonline.co.uk/sport/football/football-news/who-england-v-france-referee-25714370,Wales Online 
Explained: Why every 2022 FIFA World Cup game has exceeded 100 minutes due to FIFA rule change,SAOT ain't slow: how does the World Cup's AI-assisted offside system work? By @PaulMac theguardian.com/football/2022/… 4.,https://www.sportskeeda.com/football/news-explained-why-every-2022-fifa-world-cup-game-exceeded-100-minutes-due-fifa-rule-change,Sportskeeda 
FIFA World Cup set to start day earlier than planned as Qatar game ...,Michael Houston is a senior reporter at insidethegames.biz. He has worked at several major events  including the cycling at the Glasgow,https://www.insidethegames.biz/articles/1126816/qatar-2022-fifa-world-cup-matches,InsideTheGames 
Fifa Player App to officially debut at Qatar World Cup,Players at the 2022 Fifa World Cup in Qatar will be able to get ... It can currently take around 70 seconds to make an offside decision,https://www.sportbusiness.com/news/fifa-player-app-to-officially-debut-at-qatar-world-cup/,SportBusiness 
Cameroon vs Serbia 3-3: World Cup 2022 – as it happened,Aboubakar beat the offside trap twice to score Cameroon's second and provided the assist for the third to tie the game. 71 mins: Cameroon,https://www.aljazeera.com/sports/liveblog/2022/11/28/cameroon-vs-serbia-world-cup,Al Jazeera 
FIFA 23 Title Update 4 released as EA remove overpowered ...,Improved referee logic when determining offside decisions if an offside player made contact with the ball as it went into the goal.,https://www.mirror.co.uk/sport/football/news/fifa-23-title-update-4-28497740,The Mirror 
World Cup 2022 updates: Qatar loses to Ecuador in opening match,Palestinian football fans wave Qatari and Palestinian flags as they watch a live broadcast of the 2022 World Cup opening match between,https://www.aljazeera.com/sports/liveblog/2022/11/20/world-cup-2022-live-first-tournament-in-middle-east-kicks-off,Al Jazeera 
Croatia vs Belgium 0-0: World Cup 2022 – as it happened,Thursday's Group F encounter is taking place at the Ahmad bin Ali Stadium in Al Rayyan  Qatar. FIFA rankings: Belgium (2)  Croatia,https://www.aljazeera.com/news/liveblog/2022/12/1/croatia-vs-belgium-world-cup,Al Jazeera 
At Qatar's World Cup  Where Politics and Pleasure Collide,The first ten days of the World Cup in Qatar were soccer as it is  rather than ... Offside decisions came down to the width of a nose,https://www.newyorker.com/magazine/2022/12/12/at-qatars-world-cup-where-politics-and-pleasure-collide,The New Yorker 
FIFA Research Institutes formed  with football technology ...,October 2022: MLS joins forces with technology-infused TOCA Football · July 2022: AI technology and 3D replays to be used for offside,https://www.insidethegames.biz/articles/1130021/fifa-research-institutes-formed,InsideTheGames 
World Cup 2022: Why Cristiano Ronaldo didn't score in Portugal v ...,In Qatar  FIFA has unveiled its semi-automated offside technology (known as SAOT) to supplement existing video-assisted refereeing,https://slate.com/technology/2022/12/tech-world-cup-cristiano-ronaldo-goal-adidas-var.html,Slate Magazine 
IP Rights in Football: Avoiding an own-goal,As the 2022 World Cup final approaches  we explore the importance of IP ... World Cup a system that uses artificial intelligence to,https://www.jdsupra.com/legalnews/ip-rights-in-football-avoiding-an-own-5744281/,JD Supra 
Ghana vs Uruguay 0-2: World Cup 2022  as it happened,Andre is wearing the armband  and his younger brother  Jordan Ayew  is on the left wing. Soccer Football - FIFA World Cup Qatar 2022 - Group H,https://www.aljazeera.com/sports/liveblog/2022/12/2/live-ghana-vs-uruguay-world-cup,Al Jazeera 
World Cup 2022 updates: Mixed reactions to beer ban at stadiums,“See how many people are here.” FIFA World Cup  Doha  Qatar 2022   Football [Sorin Furcoi/Al Jazeera Police have imposed entry and exit,https://www.aljazeera.com/news/liveblog/2022/11/18/world-cup-live-news-fans-teams-arrive-in-buzzing-qatar,Al Jazeera 
Iran re-sign Skočić as manager for FIFA World Cup a week after ...,The Football Federation Islamic Republic of Iran (FFIRI) has made a u-turn a week after sacking the men's national team manager,https://www.insidethegames.biz/articles/1125934/iran-dragan-skocic,InsideTheGames 
World Cup 2022 updates: Spain’s Gavi makes history,Spain coach Luis Enrique has heaped praise on his players after their 7-0 victory against Costa Rica. “When things go like this ,https://www.aljazeera.com/news/liveblog/2022/11/23/world-cup-2022-morocco-hopes-for-win-as-mena-steals-the-show,Al Jazeera 
World Cup 2022: Fan Shares Stunning Video of FIFA Augmented ...,The 2022 FIFA World Cup is well underway in Qatar  with the group ... from junior to senior level in both the men's and women's,https://www.pcmag.com/news/world-cup-2022-fan-shares-stunning-video-of-fifa-augmented-reality-app,PCMag 
FIFA World Cup Qatar 2022: Video Assistant Refereeing gets a tech boost to catch offsides,... you agree to the storing of cookies on your device to enhance site navigation  analyze site usage  and assist in our marketing,https://gulfnews.com/qatar-world-cup-2022/news-views/fifa-world-cup-qatar-2022-video-assistant-refereeing-gets-a-tech-boost-to-catch-offsides-1.1668790111834,Gulf News 
Qatar vs Senegal 1-3: World Cup 2022 – as it happened,Qatar hope to avoid becoming only the second World Cup hosts  after South Africa in 2010  to be eliminated in the group stage. FIFA,https://www.aljazeera.com/sports/liveblog/2022/11/25/live-qatar-vs-senegal-world-cup-2022,Al Jazeera 
Don't Miss a Goal: How to Stream the World Cup 2022,The United States may not have caught up to the rest of the world when it comes to appreciating football (soccer)  but a growing number of American,https://www.pcmag.com/how-to/watch-stream-world-cup-2022-online,PCMag 
FIFA 23 Patch Notes: Title Update 5 Is Live!,Before  we got the FIFA World Cup 2022  and now they are ... offside decisions if an offside player made contact with the ball as it,https://earlygame.com/fifa/fifa-23-update-patch-notes,EarlyGame 
FIFA’s Plans To Improve VAR Offside Calls With Artificial Intelligence,The 2019 Club World Cup might be remembered for Roberto Firmino's late goal that helped Liverpool win the trophy for the first time in,https://www.forbes.com/sites/steveprice/2020/02/10/fifas-plans-to-improve-var-offside-calls-with-artificial-intelligence/,Forbes 
Qatar 2022 World Cup: festive football's big-money gamble,Qatar 2022 World Cup: festive football's big-money gamble. A winter World Cup poses tough decisions for marketers and agencies. Focus on,https://www.campaignlive.co.uk/article/qatar-2022-world-cup-festive-footballs-big-money-gamble/1801144,Campaign 
World Cup 2022 updates: Fans vexed as mobile ticket snags persist,USA supporters cheer. USA supporters cheer ahead of the Qatar 2022 World Cup Group B football match between USA and Wales at the Ahmad Bin,https://www.aljazeera.com/sports/liveblog/2022/11/21/world-cup-2022-live-six-teams-to-face-off-in-qatar-in-day-two,Al Jazeera 
FIFA 23 gameplay features include major changes to dribbling ...,Just one week after EA Sports dropped their first look at FIFA 23  ... of Women's football at club level  official FIFA World Cup modes,https://www.mirror.co.uk/sport/football/news/fifa-23-gameplay-features-revealed-27588473,The Mirror 
FIFA World Cup Qatar 2022: A Groundbreaking Tournament for Referees,And improvements are on the way. A team of 24 video match officials (VMOs) will operate in Qatar helping and assisting the on-field,https://www.euronews.com/2022/07/14/fifa-world-cup-qatar-2022-a-groundbreaking-tournament-for-referees,Euronews 
FIFA Club World Cup: Footage of 'Robot VAR' in action is a glimpse in football's future,Yes  that's right  the so-called 'Robot VAR' offside decisions that you may have heard about across social media and news sites have,https://www.givemesport.com/87971021-fifa-club-world-cup-footage-of-robot-var-in-action-is-a-glimpse-in-footballs-future,GiveMeSport 
U.K. Government Plans 165-Mile Drone Superhighway,At the FIFA World Cup this fall in Qatar  offside calls are about to get more high tech with the help of artificial intelligence. The soccer ball,https://www.govtech.com/products/u-k-government-plans-165-mile-drone-superhighway,Government Technology 
Lionel Messi's 'favourite pass' was on display in 2-0 World Cup win over Poland,Most Read StoriesMost Read. Liverpool saved from FA Cup elimination by two controversial offside decisions.,https://www.sportbible.com/football/lionel-messi-argentina-poland-20221201,SPORTbible 
Celtic on alert to shock Champions League change as artificial intelligence gets the green light,SAOT aims to speed up pre-existing VAR calls for offsides by taking ... during the Club World Cup in February but it wasn't expected to,https://www.dailyrecord.co.uk/sport/football/football-news/celtic-alert-shock-champions-league-27650918,Daily Record 
VAR and the Slow Death of the Goal Celebration,Video reviews for offside  handball  and other incidents on the ... in the mouth of football supporters around the world as their,https://www.footballparadise.com/var-and-the-slow-death-of-the-goal-celebration/,Football Paradise 
Champions League refs told to punish ‘acts of simulation’,The system will also be used by FIFA at the World Cup in Qatar this year. Advertisement. By: AP September 2  2022 22:40,https://indianexpress.com/article/sports/football/champions-league-refs-told-to-punish-acts-of-simulation-8127721/,The Indian Express 
Here's who made the USMNT World Cup roster  and the Texas ties,“Final roster decisions are always difficult  and we appreciate everyone's contributions who helped us get to this point " coach Gregg,https://www.wfaa.com/article/sports/soccer/world-cup/usmnt-world-cup-roster-us-mens-national-team-soccer-fifa-world-cup/287-65af314b-aec3-4741-9623-38560e7e31b1,WFAA 
World Cup 2022 updates: Protester with rainbow flag invades pitch,Working here helped me out financially ” said Jeanne who is watching a football match at a stadium for the first time. For Marieen  who has,https://www.aljazeera.com/news/liveblog/2022/11/28/world-cup-2022-live-more-teams-to-fight-early-exit-on-day-nine,Al Jazeera 
Meet the first ever all-female World Cup refereeing team,French official Stéphanie Frappart will take the whistle for the crucial Group E clash between Germany and Costa Rica in Qatar  assisted,https://www.dailymail.co.uk/news/article-11489941/Meet-female-World-Cup-refereeing-team.html,Daily Mail 
In Qatar  one of the World Cup's first female refs will live an ...,By the time FIFA  soccer's global governing body  announced its pool of referees for the 2022 World Cup in Qatar  the,https://www.washingtonpost.com/sports/2022/11/14/world-cup-female-referee-kathryn-nesbitt/,The Washington Post 
Marcus Rashford: Mike Dean explains why Man Utd star’s goal v Liverpool was given,VAR's decision was that Rashford was *not* offside in this situation. ... this season's Champions League group stages and at the World,https://www.givemesport.com/88051918-marcus-rashford-mike-dean-explains-why-man-utd-stars-goal-v-liverpool-was-given,GiveMeSport 
Cruise self-driving cars stopped and clogged up San Francisco for hours,Andrej Karpathy  senior director of AI and an expert in computer vision ... football players are offside in the upcoming 2022 World,https://www.theregister.com/2022/07/18/cruise_cars_stopped/,TheRegister 
What happens if a knockout game ends in a tie? World Cup extra time and penalty shootouts  explained,Unlike in the National Football League regular season  for example  there is no sudden death rule (known as "golden goal" in soccer) in,https://ca.movies.yahoo.com/happens-world-cup-game-ends-120012962.html,Yahoo Movies Canada 
FIFA launch new phone app that will analyse EVERY player's performance at the Qatar World Cup,FIFA have launched their new phone application that will provide teams with personalised stats and data at the Qatar World,https://www.dailymail.co.uk/sport/football/article-11242979/FIFA-launch-new-phone-app-analyse-players-performance-Qatar-World-Cup.html,Daily Mail 
Qatar World Cup: Why I’m nervous ahead of Brazil’s first game,Brazil steps into the Qatar World Cup later tonight (November 24)  and I'm ... The Latin Americans could point to the VAR offside,https://gulfnews.com/qatar-world-cup-2022/news-views/qatar-world-cup-why-im-nervous-ahead-of-brazils-first-game-1.1669278624541,Gulf News 
FIFA and UEFA make joint statement with Russia kicked out of World Cup qualifiers,RUSSIA have been disqualified from the 2022 FIFA World Cup qualifiers ... the initial decisions adopted by the FIFA Council and the,https://www.express.co.uk/sport/football/1573303/FIFA-UEFA-joint-statement-Russia-kicked-out-2022-World-Cup,Daily Express 
Club World Cup set to feature robot referee,Chelsea will have artificial intelligence assisting the officials at their FIFA Club World Cup semi-final clash. FIFA are looking to,https://www.pulse.ng/sports/sports-gist/fifa-to-test-robot-officials-at-club-world-cup/hvpz3t3,Pulse Nigeria 
FIFA's semi-automated offside VAR technology to go into development in 2021,The first offline tests with limb-tracking and automated ball detection technology were held at the 2019 FIFA Club World Cup. Solutions,https://www.espn.com/soccer/fifa-world-cup/story/4237186/fifas-semi-automated-offside-var-tech-to-go-into-development-in-2021,ESPN 
Frappart to make World Cup history as 1st female referee,A fourth woman match official FIFA picked for this World Cup  ... at the Al Bayt Stadium as the offside specialist in the video review,https://www.cbc.ca/sports/soccer/soccer-world-cup-female-referees-frappart-1.6668977,CBC 
FIFA World Cup Qatar 2022: Australia emulate class of 2006 by booking last 16 spot,But the Danish fans' cheers turned to cries of agony as the decision was quickly overruled for offside and upheld by VAR. It appeared to,https://gulfnews.com/qatar-world-cup-2022/news-views/fifa-world-cup-qatar-2022-australia-emulate-class-of-2006-by-booking-last-16-spot-1.92388619,Gulf News 
How will VAR work in Scottish football?,One VAR  one AVAR (assistant video assisted referee) and a video expert — the ... Offside decisions have long been a talking point of,https://www.thecourier.co.uk/fp/sport/football/dundee-united/3797545/everything-you-need-to-know-about-how-var-will-work-in-scottish-football/,The Courier 
Everton derby flashpoint must prompt major rethink as Frank Lampard makes Liverpool point,The Premier League has been a massive success and now attracts the greatest football talent from across the world so maybe it's time we,https://www.liverpoolecho.co.uk/sport/football/football-news/everton-derby-flashpoint-frank-lampard-24933538,Liverpool Echo 
Premier League lose 4 high-profile referees - with 1 new face ...,... why are they not coming out to face the cameras & explain decisions? ... winter's World Cup  FIFA will be experimenting with AI,https://www.thisisanfield.com/2022/06/premier-league-lose-4-high-profile-referees-with-1-new-face-brought-in/,This Is Anfield 
Liverpool to be 1 of 4 clubs to test new offside technology,FIFA hope to use automated offside technology at the World Cup in ... If semi-automated  these decisions would still be referred to,https://www.thisisanfield.com/2021/05/liverpool-to-be-1-of-4-clubs-to-test-automated-offside-technology/,This Is Anfield 
Arsenal boost as Granit Xhaka takes different approach to team-mate after World Cup exit,A Goncalo Ramos hat-trick helped condemn them to an early exit. ... But this is part of our business  part of,https://www.express.co.uk/sport/football/1706326/Arsenal-news-Granit-Xhaka-Takehiro-Tomiyasu-World-Cup,Daily Express 
FIFA 23 Title Update 4: Patch Notes & More,Read More: FIFA 23 World Cup Mode: Release Date  ... referee logic when determining offside decisions if an offside player made contact,https://www.givemesport.com/88081832-fifa-23-title-update-4-release-date-patch-notes,GiveMeSport 
MARTIN SAMUEL: 'Intent' rule that broke Spurs' hearts is nonsense,Antonio Conte said he does not see honesty in the decisions of referees and ... Asked to name his England starting XI for the World,https://www.dailymail.co.uk/sport/sportsnews/article-11362685/MARTIN-SAMUEL-Intent-rule-broke-Tottenhams-hearts-illogical-nonsense.html,Daily Mail 
OLIVER HOLT: Brazil's 1970 World Cup heroes feel dishonoured  but why did we shun Boys of 66?,And in the midst of what many believe to be the greatest goal ever scored in football  Brazil's fourth in the World Cup final against Italy ,https://www.dailymail.co.uk/sport/football/article-10953065/OLIVER-HOLT-Brazils-1970-World-Cup-heroes-feel-dishonoured-did-shun-Boys-66.html,Daily Mail 
Premier League giants could invite mega-rich Newcastle to join ‘Big Seven’ to give top clubs MORE dec...,The former World Cup final whistler was the lead proponent of the idea of ... adopting Fifa's new computer-assisted offside tech next,https://www.thesun.co.uk/sport/19412287/newcastle-top-seven-premier-league/,The Sun 
Why video-assisted referees won't stop World Cup errors,Take offside decisions  the bugbear of many a football fan. An attacking player is offside if they are closer to the opposition's goal line,https://www.newscientist.com/article/mg23831820-600-why-video-assisted-referees-wont-stop-world-cup-errors/,New Scientist 
England World Cup squad standby list - who will head to Qatar 2022 if players are injured?,After that  only goalkeepers can be drafted into the squad as FIFA rules state that there must be three shot-stoppers in each squad.,https://www.express.co.uk/sport/football/1696930/England-World-Cup-squad-standby-list-Qatar-2022-football-gossip,Daily Express 
Argentine forward Gonzalo Higuain in tears after playing final game of his career,He scored 29 goals in 68 appearances for the MLS side. And on Monday night  the 34-year-old made his final appearance in football as Inter,https://www.sportbible.com/football/gonzalo-higuain-retires-argentina-inter-miami-mls-20221018,SPORTbible 
'Not having it': Ally McCoist rejects ITV commentator's Gordon Brown claim in Portugal win,... win over Switzerland to reach the quarter-finals of the World Cup. ... claimed an assist to give the boss vindication in his,https://www.express.co.uk/sport/football/1706205/World-Cup-Portugal-Switzerland-Ally-McCoist-ITV-Gordon-Brown,Daily Express 
This Just isn't Football,Everyone wants the correct decisions to be made during football matches ... offside decision or subjective and debatable handball,https://www.toffeeweb.com/season/21-22/comment/editorial/41886.html,ToffeeWeb 
Kylian Mbappe set to take Lionel Messi record as PSG prepare astronomical new deal,"No  no  I haven't made my decision " said the World Cup winner in his ... Meanwhile  Messi's assist for Mbappe's winner means he has,https://www.mirror.co.uk/sport/football/news/lionel-messi-record-kylian-mbappe-26211853,The Mirror 
Argentina v Scotland: tourists blow 15 point lead to lose summer ...,But they are not world beaters  and Scotland's propensity to blow hot and cold from week to ... is a major concern as the World Cup looms over the,https://www.theoffsideline.com/argentina-v-scotland-tourists-blow-15-point-lead-to-lose-summer-test-series/,The Offside Line 
Bukayo Saka’s performance against PSV has got fans comparing him to Lionel Messi,If it wasn't for a decent performance from PSV goalkeeper Walter Benitez  Saka would have come away with at least one goal and an,https://www.sportbible.com/football/arsenal-news-bukayo-saka-lionel-messi-20221021,SPORTbible 
ChyronHego's Tracab heads towards goal of making semi ...,FIFA has made semi-automated offside technology a priority as it ... to assist referees' decision-making and make the offside review,https://www.ibc.org/create-and-produce/chyronhegos-tracab-heads-towards-goal-of-making-semi-automated-offside-calls/6384.article,IBC365 
Scotland lose place in HSBC World Rugby Sevens Series,This decision to merge the three countries was mandated by World Rugby in order to align ... and Rugby World Cup Sevens in Cape Town on 9th-11th,https://www.theoffsideline.com/scotland-lose-place-in-hsbc-world-rugby-sevens-series/,The Offside Line 
The inside story of how FIFA's controversial VAR system was born,The first video referral in World Cup history happened during the Group B ... The referee is normally basing his decisions on pure,https://www.wired.co.uk/article/var-football-world-cup,Wired UK 
Does FIFA 20 have VAR?,FIFA 20 is EA Sports' latest offering in their massively popular ... The World Cup  Champions League  Premier League and Serie A are,https://www.goal.com/en-gb/news/does-fifa-20-have-var/1ph48ztnfnud310bapx024fxhc,Goal.com 
How video technology could change the 2018 World Cup,The 2018 World Cup in Russia is underway  and this year  ... this type of artificial intelligence be used by refs to analyze soccer,https://news.northeastern.edu/2018/06/14/how-video-technology-could-change-the-2018-world-cup/,News @ Northeastern 
FIFA's new 'limb-tracking AI' tech to revolutionise football with offside ...,The new offside tech would remedy the lengthy delays in decisions for ... FIFA trialled the system at last month's Club World Cup in,https://extra.ie/2021/03/17/sport/soccernews/fifa-var-offside-tech,Extra.ie 
Premier League clubs take stance on 'armpit offsides' as VAR survey to be discussed,Clubs do accept the offside decisions are factually correct to the millimetre - and it is hard to argue against the latest,https://www.mirror.co.uk/sport/football/news/premier-league-var-armpit-offsides-24104479,The Mirror 
VAR rule changes: Refs to use monitors but armpits can still be offside,Now  Fifa will demand referees use the monitors for subjective decisions such as red cards and penalties. Who better to make an,https://www.dailymail.co.uk/sport/football/article-8608085/VAR-rule-changes-Refs-use-monitors-armpits-offside.html,Daily Mail 
The year in VAR: from World Cup guinea pigs to Premier League fury,The England goalkeeper  Karen Bardsley  described the decision against Alexander as “cruel and pedantic” while the former US keeper Hope,https://www.theguardian.com/football/2020/jan/01/year-in-var-world-cup-premier-league-paul-macinnes,The Guardian 
Ifab plans concussion substitute trials and ‘philosophical’ review of offside law,Football's lawmaking body is to undertake a review of the offside law  ... of players mobbing referees after officials have made,https://www.theguardian.com/football/2020/feb/29/ifab-offside-law-concussion-substitutes-fifa-referees-var,The Guardian 
VAR technology to be used at Russia World Cup after lawmakers’ vote,Video assistant referees will be used at the World Cup this summer after football's lawmakers voted unanimously in favour of rolling out,https://www.theguardian.com/football/2018/mar/03/var-premier-league-ifab,The Guardian 
Goncalo Ramos hits hat-trick in place of Cristiano Ronaldo in ...,Santos took the eye-catching decision to drop Ronaldo to the bench for the ... became the oldest goalscorer in World Cup knockout,https://www.thenational.scot/sport/23174592.goncalo-ramos-hits-hat-trick-place-ronaldo-portugal-romp/,The National 
VAR: the brave new world bringing distinct echoes of football’s past,Fans of both Australia and Argentina can leave their World Cup matches aggrieved over decisions made. The referees can claim to have made,https://www.theguardian.com/football/2018/jun/16/welcome-var-brave-new-world-with-echoes-of-footballs-past,The Guardian 
Early days of 2021 FIFA Arab Cup highlight intrigue on and off the ...,That this Arab Cup is a dress rehearsal for the 2022 World Cup was given even more ... offside technology based on artificial,https://www.arabnews.com/node/1980571/sport,Arab News 
China remains committed to hosting revamped 24-team Club World Cup despite COVID-19 disruptions,"It is a historic decision for football. ... Liverpool players celebrate winning the FIFA Club World Cup at Khalifa International,https://news.cgtn.com/news/2020-12-05/Revamped-Club-World-Cup-s-future-thrown-into-uncertainty-over-COVID-19-VY23wVumOI/index.html,CGTN 
FIFA is going to ref the hell out of the World Cup this year,VAR decisions will also be posted on FIFA.com and on the FIFA app. The new tech is meant to assist referees and "provide fairness in the,https://www.cnet.com/culture/2018-world-cup-features-first-ever-video-assistant-referees/,CNET 
Apps  AI  & sweeper keepers - big data hits the football big time,Despite his exhaustive video research  Bielsa's Argentina side were eliminated in the group stages of the 2002 World,https://www.bbc.co.uk/sport/football/49521158,BBC 
PSG Women's star Kheira Hamraoui opens up on 'traumatic' iron bar attack,... Hamraoui's lawyer reportedly wrote a letter to senior figures at PSG ... investigation into the attack  as per Get French Football,https://www.dailymail.co.uk/sport/sportsnews/article-10918447/PSG-Womens-star-Kheira-Hamraoui-opens-traumatic-iron-bar-attack.html,Daily Mail 
Wenger plans reinterpretation of offside to end VAR controversy,The Board of Directors then takes a decision on which proposals go forward to ... "The meeting is also to discuss football and some,https://www.toffeeweb.com/season/19-20/news/39225.html,ToffeeWeb 
Global Blockchain Technology in Healthcare Market Report 2022 to 2028: Featuring IBM  Oracle  Hashed Health and Embleema Among Others,A blockchain refers to a shared distributed database or ledger between computer network nodes. Also  a blockchain functions as a,https://uk.sports.yahoo.com/news/global-blockchain-technology-healthcare-market-093800498.html,Yahoo Sport UK 
World Cup VAR: the football revolution or the end of the beautiful ...,Elleray said: “The players are accepting that major decisions will be right and if they're wrong they will be corrected so there is less,https://www.verdict.co.uk/world-cup-var-football-revolution/,Verdict 
A-League grand final: Victory's offside goal inaction due to VAR glitch  says FFA,VAR system will be used throughout 2018 FIFA World Cup. The Victory scored in the ninth minute via Kostas Barbarouses  but the assist for,https://www.abc.net.au/news/2018-05-06/ffa-reveal-reasons-behind-var-controversy-a-league-grand-final/9732640,ABC 
The 6 coolest tech innovations being used at the 2018 FIFA World Cup,This is the first year the World Cup has used a new kind of video technology  called the Video Assistant Referee  to assist in officiating.,https://www.techrepublic.com/article/the-6-coolest-tech-innovations-being-used-at-the-2018-fifa-world-cup/,TechRepublic 
A Supercomputer Has Decided Between Lionel Messi And Cristiano Ronaldo,Professor Jesse Davis explained how their system works  saying  "The value of a soccer player is often determined by goals and,https://www.sportbible.com/football/rivalries-a-supercomputer-has-decided-between-lionel-messi-and-cristiano-ronaldo-20200922,SPORTbible 
Lionel Messi 'Didn't Understand' Why Barcelona Refused To Play Miralem Pjanic,... 'Didn't Understand' Why Barcelona Refused To Use A Senior Player  ... year and I didn't want to " Pjanic explained per Football,https://www.sportbible.com/football/football-news-lionel-messi-didnt-understand-why-barcelona-refused-to-play-someone-20210913,SPORTbible 
Goal-line technology: Premier League votes in favour for 2013-14,After the IFAB vote  Fifa president Sepp Blatter said Frank Lampard's "ghost" goal at the 2010 World Cup played a decisive role in the,https://www.bbc.co.uk/sport/football/22107409,BBC 
Ben Brereton Diaz: From Stoke to Chile via Blackburn  video games and WhatsApp,He started scoring goals  a computer game apparently unearthed his ... Brereton Diaz joined the Chile squad ahead of their two World,https://www.espn.com/soccer/blog-espn-fc-united/story/4517029/ben-brereton-diaz-from-stoke-to-chile-via-blackburnvideo-games-and-whatsapp,ESPN 
Adidas Launch Special 'El Retorno' Boot To Celebrate The Legacy Of Lionel Messi And It's A Serious Throwback,Let us know in the comments. We are getting serious nostalgia looking at these! Topics: Football  Barcelona  Lionel Messi  Argentina ,https://www.sportbible.com/football/news-take-a-bow-reactions-adidas-launch-el-retorno-boot-to-celebrate-legacy-of-lionel-messi-20210604,SPORTbible 
The Nine Teams Lionel Messi Has Not Scored Against During His Barcelona Career,Most Read StoriesMost Read. Liverpool saved from FA Cup elimination by two controversial offside decisions ·,https://www.sportbible.com/football/news-legends-the-nine-teams-lionel-messi-has-not-scored-against-during-his-career-20200809,SPORTbible 
Gary Lineker Just Ended The Lionel Messi Debate With The Perfect Tweet To End 2018,He didn't win the Champions League or The World Cup  something that ... Messi is arguably the most consistent player in world,https://www.sportbible.com/football/news-reactions-take-a-bow-gary-lineker-just-ended-the-lionel-messi-debate-20181231,SPORTbible 
The Mailbox knows VAR is clearly and obviously f**ked,This has changed slightly in the current World Cup where changes to ... There's a clear foul  offside  handball etc  change your,https://www.football365.com/news/the-mailbox-knows-var-is-clearly-and-obviously-fked,Football365 
Manchester United Coach Had To Ask Mason Greenwood 'What's Wrong With You?',Last week he  along with Paul Pogba  helped change the game against ... "There's not many players in world football that are able to go,https://www.sportbible.com/football/funny-manchester-united-coach-had-to-ask-greenwood-whats-wrong-with-you-20200623,SPORTbible 
Sergio Romero Reveals The Ability Lionel Messi And Anthony Martial Share,I think that the only player in the world or who I've seen  ... fine form and in his last three matches scored four goals and assisted,https://www.sportbible.com/football/news-sergio-romero-reveals-the-ability-messi-and-martial-share-20181102,SPORTbible 
Can computer games make you better at sport in real life?,His Football Manager success was one of the stranger stories at the World Cup. Playstation gettyimages. So  can gaming make,https://www.bbc.co.uk/bbcthree/article/008d2e50-81c9-4352-bfb8-c37379d8553a,BBC 
Oliver Norwood Is Officially The Master Of Championship Promotion,Norwood  a youth player at Manchester United  helped Brighton and Fulham get promoted in the previous two seasons but was sold on,https://www.sportbible.com/football/take-a-bow-oliver-norwood-is-officially-the-master-of-championship-promotion-20190429,SPORTbible 
World Cup 2018: Croatia beat Argentina by turning the game into a fight,Croatia was helped tremendously by the fact that Argentina decided ... no real structure  and the reality that their World Cup adventure,https://www.sbnation.com/2018/6/21/17490602/croatia-vs-argentina-world-cup-2018-luka-modric,SBNation.com 
Barcelona Captain Lionel Messi Has Decided Where He Will End His Decorated Playing Career,Showing no signs of slowing down  Messi has been in formidable form in 2021  with 26 goals and nine assists in 26 games for,https://www.sportbible.com/football/news-lionel-messi-has-decided-where-he-will-end-his-decorated-playing-caree-20210504,SPORTbible 
FIFA under new pressure over Mohamed Bin Hammam's role in Qatar 2022 bidding,FIFA's former head of security Chris Eaton has sensationally called on football' s world governing body to re-open an investigation,https://www.dailymail.co.uk/sport/football/article-3051492/FIFA-new-pressure-Mohamed-Bin-Hammam-s-role-Qatar-2022-bidding.html,Daily Mail 
The 12 Teams Lionel Messi Has Never Scored Against,... Messi grabbed an assist  as opposed to a goal  when he played in the 4-0 Club World Cup final win over Saudi outfit Al-Sadd in,https://www.sportbible.com/football/news-the-12-teams-lionel-messi-has-never-scored-against-20180220,SPORTbible 
Supercomputer Makes Predictions For Upcoming Round Of Premier League Fixtures,They've put together an artificial intelligence (AI) driven script for ... games - home and away - as well as goalscorers and assist,https://www.sportbible.com/football/news-supercomputer-makes-predictions-for-next-round-of-premier-league-games-20190823,SPORTbible 
Lionel Messi Breaks Yet Another Amazing Record On Final Day Of La Liga Season,Nobody in the history of La Liga has ever reached this total  with Xavi's 20 assists - in 2008/09 - now in second,https://www.sportbible.com/football/news-football-lionel-messi-breaks-amazing-record-on-final-day-of-la-liga-season-20200720,SPORTbible 
Angel Di Maria Reveals He Visited A Psychologist Because Of Memes,Argentina have reached a World Cup final and two Copa America finals since 2014 ... "The psychologist helped me a lot  to talk  to,https://www.sportbible.com/football/news-reactions-angel-di-maria-reveals-he-visited-a-psychologist-because-of-memes-20180209,SPORTbible 
17 Times Football Manager Got It Absolutely And Utterly Wrong,After scoring four goals as a 14-year-old at the 2003 FIFA U-17 World Championship  Adu had scored 11 goals and 17 assists in MLS,https://www.sportbible.com/football/gaming-top-10s-classic-17-times-football-manager-got-it-absolutely-and-utterly-wrong-20171110,SPORTbible 
What is VAR? How does it work? What's covered? Your guide as controversial calls continue,The VAR revolution in English football is gathering pace - and it will be used in the FA Cup Final at Wembley. And while football fans,https://www.mirror.co.uk/sport/football/news/what-is-var-fa-cup-11814289,The Mirror 
Lionel Messi Breaks Yet Another Amazing Record On Final Day Of La Liga Season,Nobody in the history of La Liga has ever reached this total  with Xavi's 20 assists - in 2008/09 - now in second,https://www.sportbible.com/football/news-football-lionel-messi-breaks-amazing-record-on-final-day-of-la-liga-season-20200720,SPORTbible 
Angel Di Maria Reveals He Visited A Psychologist Because Of Memes,Argentina have reached a World Cup final and two Copa America finals since 2014 ... "The psychologist helped me a lot  to talk  to,https://www.sportbible.com/football/news-reactions-angel-di-maria-reveals-he-visited-a-psychologist-because-of-memes-20180209,SPORTbible 
17 Times Football Manager Got It Absolutely And Utterly Wrong,After scoring four goals as a 14-year-old at the 2003 FIFA U-17 World Championship  Adu had scored 11 goals and 17 assists in MLS,https://www.sportbible.com/football/gaming-top-10s-classic-17-times-football-manager-got-it-absolutely-and-utterly-wrong-20171110,SPORTbible 
What is VAR? How does it work? What's covered? Your guide as controversial calls continue,The VAR revolution in English football is gathering pace - and it will be used in the FA Cup Final at Wembley. And while football fans,https://www.mirror.co.uk/sport/football/news/what-is-var-fa-cup-11814289,The Mirror 
Why FIFA Should Accept Some Form of Instant Replay for Football ...,In the following World Cup match  Argentina faced Mexico and another controversial goal ... whose goal counted despite being at least two yards,https://bleacherreport.com/articles/529733-why-fifa-should-accept-some-form-of-instant-replay-for-football-matches,Bleacher Report 
Harry Kane scores hat-trick as England hit Panama for six to secure ...,It hardly needs saying that this was England's biggest World Cup win but it was also World Cup football as enjoyment rather than the,https://www.telegraph.co.uk/world-cup/2018/06/24/england-vs-panama-world-cup-2018-live-score-latest-updates/,The Telegraph 
Lionel Messi Scores His First Open Play Goal Of The Season In Barcelona v Real Betis,A classy back heel assist from Sergi Roberto set up the forward with a one-two  after Francisco Trincão had originally fed Messi the,https://www.sportbible.com/football/football-news-lionel-messi-ends-open-play-goal-drought-with-rocket-finish-20201107,SPORTbible 
Kiwi referee not troubled by World Cup blunder,Rule and Hintz are two of four New Zealanders on Fifa's panel of senior assistant referees. With their reputation having suffered  Rule,http://www.stuff.co.nz/sport/football/10360649/Kiwi-referee-not-troubled-by-World-Cup-blunder,Stuff.co.nz 
Eto’o Recalls His Message To Vieira Before He Played Against Messi In 2005,The 37-year-old Cameroonian striker had the opportunity to play alongside the Argentine magician  from his emergence in Barça's senior,https://www.sportbible.com/football/news-etoo-recalls-his-message-to-vieira-before-he-played-against-messi-20181112,SPORTbible 
Lionel Messi Is No Longer The Best Passer On FIFA 21,Despite laying on 21 assists for his Barcelona teammates in La Liga last term  the six-time Ballon d'Or winner's passing rating has gone down,https://www.sportbible.com/football/news-lionel-messi-is-no-longer-the-best-passer-on-fifa-21-20200925,SPORTbible 
England 1-2 Italy: World Cup 2014 – as it happened | Football,We'll have a report and various comment pieces from Manaus and our Football Weekly podcast - which I must dash off to record- up on the,https://www.theguardian.com/football/2014/jun/14/england-v-italy-world-cup-2014-live-report,The Guardian 
Lionel Messi Reveals Which Four Premier League Players Make His Top 15 Young Prospects In Football,... superstar Lionel Messi has identified four Premier League players who he believes are on course to be future stars in world,https://www.sportbible.com/football/top-10s-news-lionel-messi-reveals-his-top-15-young-prospects-in-football-20200904,SPORTbible 
Liverpool's head of technical performance Michael Edwards is the laptop guru who did a number on Brendan Rodge,Divock Origi  billed as 'a world-class talent' by Rodgers when he was signed from Lille  could not even come off the bench in the club's,https://www.dailymail.co.uk/sport/football/article-3262490/Liverpool-s-head-technical-performance-Michael-Edwards-laptop-guru-did-number-Brendan-Rodgers.html,Daily Mail 
JAMIE CARRAGHER: Angel di Maria settled in fine but Mesut Ozil is still struggling... foreign stars shouldn't,Didier Drogba? Helped lead Chelsea to the title and the League Cup in his first season with 16 goals; Gianfranco Zola arrived at Stamford,https://www.dailymail.co.uk/sport/football/article-2797724/jamie-carragher-angel-di-maria-settled-fine-mesut-ozil-struggling-foreign-stars-shouldn-t-need-time-shine.html,Daily Mail 
Richard Cockerill was sacked by Leicester Tigers after player revolt,The Tigers are fifth in the Aviva Premiership  but they have been on the receiving end of two brutal scorelines in the Champions Cup —,https://www.dailymail.co.uk/sport/rugbyunion/article-4082538/Richard-Cockerill-sacked-Leicester-Tigers-player-revolt.html,Daily Mail 
Let's hear it for Subbuteo Cricket and 'Owzthat!,As well as being an FSF-nominated football  sports and rock music ... it's likely have been a computer game such as Graham Gooch World,https://www.cricket365.com/john-nicholson/lets-hear-it-for-subbuteo-cricket-and-owzthat/,Cricket365 
The World Cup According To VAR,The long-awaited Fifa World Cup has concluded  and the fans were ... the World Cup  and not only it helped officials make difficult,https://www.chiangraitimes.com/sports/fifa-world-cup/the-world-cup-according-to-var/,Chiang Rai Times 
Yorkshire club cricketer opens up on horror injury,Breaking News Russia-Ukraine US Economy Joe Biden Donald Trump Prince Harry World News Most read · Sports · Soccer Premier League FA,https://www.dailymail.co.uk/sport/sportsnews/article-4254498/Yorkshire-club-cricketer-opens-horror-injury.html,Daily Mail 
Qatar 2022 And The Big Leap In The Use Of Technology In Football ...,The FIFA World Cup 2022 in Qatar is a high-tech event that has raised the bar to ensure the ... AI-assisted vests are worn by the,https://globeecho.com/business/qatar-2022-and-the-big-leap-in-the-use-of-technology-in-football-how-does-the-future-look/,Globe Echo 
F1 boss Todt staying positive about best friend Schumacher Michael is a fighter. He'll pull through,Jean Todt leads the most advanced sport in the world  run by boffins with brains the size of Australia  but he cannot use a,https://www.dailymail.co.uk/sport/formulaone/article-2579500/F1-boss-Todt-staying-positive-best-friend-Schumacher-Michael-fighter-Hell-pull-through.html,Daily Mail 
